{
  "format_version": "1.10.0",
  "particle_effect": {
    "description": {
      "identifier": "minecraft:altar_win",
      "basic_render_parameters": {
        "material": "particles_alpha",
        "texture": "textures/particle/particles"
      }
    },
    "components": {
      "minecraft:emitter_rate_instant": {
        "num_particles": 100
      },
      "minecraft:emitter_lifetime_once": {
        "active_time": 2
      },
      "minecraft:emitter_shape_sphere": {
        "radius": 0.1,
        "direction": "outwards",
        "surface_only": true
      },
      "minecraft:particle_initial_speed": 5.0,
      "minecraft:particle_initial_spin": {
        "rotation": "Math.random(0, 360)",
        "rotation_rate": 0
      },
      "minecraft:particle_lifetime_expression": {
        "max_lifetime": "Math.random(1.0, 4.0) + 10"
      },
      "minecraft:particle_motion_dynamic": {
        "linear_acceleration": [ 0, -9.8, 0 ],
        "linear_drag_coefficient": 0.1
      },
      "minecraft:particle_motion_collision": {
        "coefficient_of_restitution": 1.1,
        "collision_drag": 1,
        "collision_radius": 0.1
      },
      "minecraft:particle_appearance_billboard": {
        "size": [ "0.1", "0.1" ],
        "facing_camera_mode": "lookat_xyz",
        "uv": {
          "texture_width": 128,
          "texture_height": 128,
          "uv": [ 0, 16 ],
          "uv_size": [ 8, 8 ]
        }
      },
      "minecraft:particle_appearance_lighting": {}
    }
  }
}
