{
  "resource_pack_name": "DEATH MC Resource Pack",
  "texture_name": "atlas.items",
  "texture_data": {
    "deathmc:sun_wand": {
      "textures": "textures/items/sun_wand"
    },
    "deathmc:piece_ice": {
      "textures": "textures/items/piece_ice"
    },
    "deathmc:golden_money": {
      "textures": "textures/items/golden_money"
    },
    "deathmc:remains_guardian": {
      "textures": "textures/items/remains_guardian"
    },
    "deathmc:tarantula_web": {
      "textures": "textures/items/tarantula_web"
    }
  }
}